{
  "roles" : [ {
    "type" : "Disease_Excludes_Finding",
    "code" : "R142",
    "relatedCode" : "C36122",
    "relatedName" : "Benign Cellular Infiltrate"
  }, {
    "type" : "Disease_Has_Abnormal_Cell",
    "code" : "R105",
    "relatedCode" : "C12917",
    "relatedName" : "Malignant Cell"
  }, {
    "type" : "Disease_Has_Abnormal_Cell",
    "code" : "R105",
    "relatedCode" : "C36873",
    "relatedName" : "Melanoma Cell"
  }, {
    "type" : "Disease_Has_Abnormal_Cell",
    "code" : "R105",
    "relatedCode" : "C12922",
    "relatedName" : "Neoplastic Cell"
  }, {
    "type" : "Disease_Has_Abnormal_Cell",
    "code" : "R105",
    "relatedCode" : "C36862",
    "relatedName" : "Neoplastic Melanocyte"
  }, {
    "type" : "Disease_Has_Finding",
    "code" : "R108",
    "relatedCode" : "C36115",
    "relatedName" : "Malignant Cellular Infiltrate"
  }, {
    "type" : "Disease_Has_Normal_Cell_Origin",
    "code" : "R104",
    "relatedCode" : "C12591",
    "relatedName" : "Melanocyte"
  }, {
    "type" : "Disease_May_Have_Finding",
    "code" : "R115",
    "relatedCode" : "C43268",
    "relatedName" : "HMB-45-Positive Neoplastic Cells Present"
  }, {
    "type" : "Disease_May_Have_Finding",
    "code" : "R115",
    "relatedCode" : "C40993",
    "relatedName" : "S-100-Positive Neoplastic Cells Present"
  } ]
}