{
  "code": "C3224",
  "name": "Melanoma",
  "synonyms": [
    {
      "name": "Melanoma",
      "type": "Preferred_Name"
    },
    {
      "name": "Melanoma",
      "type": "Display_Name"
    },
    {
      "name": "MELANOMA, MALIGNANT",
      "termGroup": "PT",
      "source": "CDISC",
      "type": "FULL_SYN"
    },
    {
      "name": "Malignant Melanoma",
      "termGroup": "SY",
      "source": "NCI",
      "type": "FULL_SYN"
    },
    {
      "name": "Melanoma",
      "termGroup": "PT",
      "source": "CTEP",
      "code": "10053571",
      "subSource": "SDC",
      "type": "FULL_SYN"
    },
    {
      "name": "Melanoma",
      "termGroup": "SY",
      "source": "NCI",
      "code": "TCGA",
      "subSource": "caDSR",
      "type": "FULL_SYN"
    }
  ],
  "definitions": [
    {
      "definition": "A malignant, usually aggressive tumor composed of atypical, neoplastic melanocytes. Most often, melanomas arise in the skin (cutaneous melanomas) and include the following histologic subtypes: superficial spreading melanoma, nodular melanoma, acral lentiginous melanoma, and lentigo maligna melanoma. Cutaneous melanomas may arise from acquired or congenital melanocytic or dysplastic nevi. Melanomas may also arise in other anatomic sites including the gastrointestinal system, eye, urinary tract, and reproductive system. Melanomas frequently metastasize to lymph nodes, liver, lungs, and brain.",
      "source": "NCI",
      "type": "DEFINITION"
    },
    {
      "definition": "A form of cancer that begins in melanocytes (cells that make the pigment melanin). It may begin in a mole (skin melanoma), but can also begin in other pigmented tissues, such as in the eye or in the intestines.",
      "source": "NCI-GLOSS",
      "type": "ALT_DEFINITION"
    }
  ],
  "properties": [
    {
      "type": "Semantic_Type",
      "value": "Neoplastic Process"
    },
    {
      "type": "Neoplastic_Status",
      "value": "Malignant"
    },
    {
      "type": "UMLS_CUI",
      "value": "C0025202"
    },
    {
      "type": "Legacy_Concept_Name",
      "value": "Melanoma"
    },
    {
      "type": "NICHD_Hierarchy_Term",
      "value": "Melanoma"
    },
    {
      "type": "ICD-O-3_Code",
      "value": "8720\/3"
    }
  ],
  "contributingSources": [
    "CTRP",
    "CTEP",
    "Cellosaurus",
    "MedDRA",
    "CDISC",
    "NICHD",
    "CPTAC"
  ],
  "children": [
    {
      "code": "C3802",
      "name": "Amelanotic Melanoma"
    },
    {
      "code": "C8410",
      "name": "Breast Melanoma"
    },
    {
      "code": "C131506",
      "name": "Childhood Melanoma"
    },
    {
      "code": "C3510",
      "name": "Cutaneous Melanoma"
    },
    {
      "code": "C4236",
      "name": "Epithelioid Cell Melanoma"
    },
    {
      "code": "C9499",
      "name": "Melanomatosis"
    },
    {
      "code": "C8925",
      "name": "Metastatic Melanoma"
    },
    {
      "code": "C66756",
      "name": "Mixed Epithelioid and Spindle Cell Melanoma"
    },
    {
      "code": "C8711",
      "name": "Non-Cutaneous Melanoma"
    },
    {
      "code": "C8562",
      "name": "Ocular Melanoma"
    },
    {
      "code": "C118828",
      "name": "Orbital Melanoma"
    },
    {
      "code": "C162547",
      "name": "Penile Melanoma"
    },
    {
      "code": "C7087",
      "name": "Recurrent Melanoma"
    },
    {
      "code": "C147983",
      "name": "Refractory Melanoma"
    },
    {
      "code": "C4228",
      "name": "Regressing Melanoma"
    },
    {
      "code": "C4237",
      "name": "Spindle Cell Melanoma"
    },
    {
      "code": "C148517",
      "name": "Unresectable Melanoma"
    }
  ],
  "parents": [
    {
      "code": "C9305",
      "name": "Malignant Neoplasm"
    },
    {
      "code": "C7058",
      "name": "Melanocytic Neoplasm"
    }
  ],
  "associations": [
    {
      "type": "Concept_In_Subset",
      "relatedCode": "C77526",
      "relatedName": "CDISC SEND Terminology"
    },
    {
      "type": "Concept_In_Subset",
      "relatedCode": "C88025",
      "relatedName": "CDISC SEND Tumor Findings Results Terminology"
    },
    {
      "type": "Concept_In_Subset",
      "relatedCode": "C156953",
      "relatedName": "CPTAC Baseline Medical Forms Terminology"
    },
    {
      "type": "Concept_In_Subset",
      "relatedCode": "C158520",
      "relatedName": "CPTAC Codelists Terminology"
    },
    {
      "type": "Concept_In_Subset",
      "relatedCode": "C159415",
      "relatedName": "CPTAC Melanoma Baseline Form"
    },
    {
      "type": "Concept_In_Subset",
      "relatedCode": "C156966",
      "relatedName": "CPTAC Neoplasms Codelist"
    },
    {
      "type": "Concept_In_Subset",
      "relatedCode": "C156952",
      "relatedName": "CPTAC Terminology"
    },
    {
      "type": "Concept_In_Subset",
      "relatedCode": "C157534",
      "relatedName": "CPTAC Uveal Melanoma Baseline Form"
    },
    {
      "type": "Concept_In_Subset",
      "relatedCode": "C118168",
      "relatedName": "CTRP Disease Terminology"
    },
    {
      "type": "Concept_In_Subset",
      "relatedCode": "C116977",
      "relatedName": "CTRP Terminology"
    },
    {
      "type": "Concept_In_Subset",
      "relatedCode": "C138190",
      "relatedName": "CTS-API Disease Main Type Terminology"
    },
    {
      "type": "Concept_In_Subset",
      "relatedCode": "C165258",
      "relatedName": "Cellosaurus Disease Terminology"
    },
    {
      "type": "Concept_In_Subset",
      "relatedCode": "C61410",
      "relatedName": "Clinical Data Interchange Standards Consortium Terminology"
    },
    {
      "type": "Concept_In_Subset",
      "relatedCode": "C138188",
      "relatedName": "Clinical Trials Search-Application Programming Interface Disease Category Terminology"
    },
    {
      "type": "Concept_In_Subset",
      "relatedCode": "C157711",
      "relatedName": "GDC Terminology"
    },
    {
      "type": "Concept_In_Subset",
      "relatedCode": "C103113",
      "relatedName": "NCI CTEP SDC Melanoma Sub-Category Terminology"
    },
    {
      "type": "Concept_In_Subset",
      "relatedCode": "C102905",
      "relatedName": "NCI CTEP Simplified Disease Classification Terminology"
    },
    {
      "type": "Concept_In_Subset",
      "relatedCode": "C126659",
      "relatedName": "NCIt Neoplasm Core Terminology"
    },
    {
      "type": "Concept_In_Subset",
      "relatedCode": "C90259",
      "relatedName": "NICHD Terminology"
    },
    {
      "type": "Concept_In_Subset",
      "relatedCode": "C118464",
      "relatedName": "Pediatric Adverse Events Terminology"
    },
    {
      "type": "Has_NICHD_Parent",
      "relatedCode": "C9305",
      "relatedName": "Malignant Neoplasm"
    },
    {
      "type": "Has_NICHD_Parent",
      "relatedCode": "C3371",
      "relatedName": "Skin Disorder"
    },
    {
      "type": "Neoplasm_Has_Special_Category",
      "relatedCode": "C9292",
      "relatedName": "Solid Neoplasm"
    }
  ],
  "inverseAssociations": [
    {
      "type": "Has_NICHD_Parent",
      "relatedCode": "C131506",
      "relatedName": "Childhood Melanoma"
    }
  ],
  "roles": [
    {
      "type": "Disease_Excludes_Finding",
      "relatedCode": "C36122",
      "relatedName": "Benign Cellular Infiltrate"
    },
    {
      "type": "Disease_Has_Abnormal_Cell",
      "relatedCode": "C12917",
      "relatedName": "Malignant Cell"
    },
    {
      "type": "Disease_Has_Abnormal_Cell",
      "relatedCode": "C36873",
      "relatedName": "Melanoma Cell"
    },
    {
      "type": "Disease_Has_Abnormal_Cell",
      "relatedCode": "C12922",
      "relatedName": "Neoplastic Cell"
    },
    {
      "type": "Disease_Has_Abnormal_Cell",
      "relatedCode": "C36862",
      "relatedName": "Neoplastic Melanocyte"
    },
    {
      "type": "Disease_Has_Finding",
      "relatedCode": "C36115",
      "relatedName": "Malignant Cellular Infiltrate"
    },
    {
      "type": "Disease_Has_Normal_Cell_Origin",
      "relatedCode": "C12591",
      "relatedName": "Melanocyte"
    },
    {
      "type": "Disease_May_Have_Finding",
      "relatedCode": "C43268",
      "relatedName": "HMB-45-Positive Neoplastic Cells Present"
    },
    {
      "type": "Disease_May_Have_Finding",
      "relatedCode": "C40993",
      "relatedName": "S-100-Positive Neoplastic Cells Present"
    }
  ],
  "inverseRoles": [
    {
      "type": "Disease_Has_Associated_Disease",
      "relatedCode": "C40001",
      "relatedName": "Ovarian Dermoid Cyst with Melanoma"
    },
    {
      "type": "Disease_May_Have_Associated_Disease",
      "relatedCode": "C36101",
      "relatedName": "BRCA2 Syndrome"
    },
    {
      "type": "Disease_May_Have_Associated_Disease",
      "relatedCode": "C27264",
      "relatedName": "Familial Atypical Mole Melanoma Syndrome"
    },
    {
      "type": "Disease_May_Have_Associated_Disease",
      "relatedCode": "C8495",
      "relatedName": "Hereditary Retinoblastoma"
    },
    {
      "type": "Disease_May_Have_Associated_Disease",
      "relatedCode": "C3447",
      "relatedName": "Werner Syndrome"
    },
    {
      "type": "Gene_Associated_With_Disease",
      "relatedCode": "C21389",
      "relatedName": "CRYBG1 Gene"
    },
    {
      "type": "Gene_Associated_With_Disease",
      "relatedCode": "C54321",
      "relatedName": "CRYBG1 wt Allele"
    },
    {
      "type": "Gene_Associated_With_Disease",
      "relatedCode": "C21470",
      "relatedName": "CSAG2 Gene"
    },
    {
      "type": "Gene_Associated_With_Disease",
      "relatedCode": "C54542",
      "relatedName": "CSAG2 wt Allele"
    },
    {
      "type": "Gene_Associated_With_Disease",
      "relatedCode": "C81903",
      "relatedName": "CSAG3 Gene"
    },
    {
      "type": "Gene_Associated_With_Disease",
      "relatedCode": "C81904",
      "relatedName": "CSAG3 wt Allele"
    },
    {
      "type": "Gene_Associated_With_Disease",
      "relatedCode": "C24316",
      "relatedName": "CSPG4 Gene"
    },
    {
      "type": "Gene_Associated_With_Disease",
      "relatedCode": "C52436",
      "relatedName": "CSPG4 wt Allele"
    },
    {
      "type": "Gene_Associated_With_Disease",
      "relatedCode": "C82885",
      "relatedName": "DCT Gene"
    },
    {
      "type": "Gene_Associated_With_Disease",
      "relatedCode": "C82886",
      "relatedName": "DCT wt Allele"
    },
    {
      "type": "Gene_Associated_With_Disease",
      "relatedCode": "C20765",
      "relatedName": "KISS1 Gene"
    },
    {
      "type": "Gene_Associated_With_Disease",
      "relatedCode": "C54288",
      "relatedName": "KISS1 wt Allele"
    },
    {
      "type": "Gene_Associated_With_Disease",
      "relatedCode": "C24561",
      "relatedName": "LTBP2 Gene"
    },
    {
      "type": "Gene_Associated_With_Disease",
      "relatedCode": "C51270",
      "relatedName": "LTBP2 wt Allele"
    },
    {
      "type": "Gene_Associated_With_Disease",
      "relatedCode": "C21261",
      "relatedName": "MCAM Gene"
    },
    {
      "type": "Gene_Associated_With_Disease",
      "relatedCode": "C54308",
      "relatedName": "MCAM wt Allele"
    },
    {
      "type": "Gene_Associated_With_Disease",
      "relatedCode": "C81756",
      "relatedName": "MIR221 Gene"
    },
    {
      "type": "Gene_Associated_With_Disease",
      "relatedCode": "C82171",
      "relatedName": "MIR221 wt Allele"
    },
    {
      "type": "Gene_Associated_With_Disease",
      "relatedCode": "C80700",
      "relatedName": "MIRLET7A1 Gene"
    },
    {
      "type": "Gene_Associated_With_Disease",
      "relatedCode": "C81825",
      "relatedName": "MIRLET7A1 wt Allele"
    },
    {
      "type": "Gene_Associated_With_Disease",
      "relatedCode": "C80701",
      "relatedName": "MIRLET7A3 Gene"
    },
    {
      "type": "Gene_Associated_With_Disease",
      "relatedCode": "C81826",
      "relatedName": "MIRLET7A3 wt Allele"
    },
    {
      "type": "Gene_Associated_With_Disease",
      "relatedCode": "C80702",
      "relatedName": "MIRLET7B Gene"
    },
    {
      "type": "Gene_Associated_With_Disease",
      "relatedCode": "C81853",
      "relatedName": "MIRLET7B wt Allele"
    },
    {
      "type": "Gene_Associated_With_Disease",
      "relatedCode": "C28629",
      "relatedName": "MLANA Gene"
    },
    {
      "type": "Gene_Associated_With_Disease",
      "relatedCode": "C54313",
      "relatedName": "MLANA wt Allele"
    },
    {
      "type": "Gene_Associated_With_Disease",
      "relatedCode": "C18336",
      "relatedName": "RAB8A Gene"
    },
    {
      "type": "Gene_Associated_With_Disease",
      "relatedCode": "C52547",
      "relatedName": "RAB8A wt Allele"
    },
    {
      "type": "Gene_Associated_With_Disease",
      "relatedCode": "C20335",
      "relatedName": "XRCC3 Gene"
    },
    {
      "type": "Gene_Associated_With_Disease",
      "relatedCode": "C51014",
      "relatedName": "XRCC3 wt Allele"
    },
    {
      "type": "Gene_Product_Is_Biomarker_Of",
      "relatedCode": "C17513",
      "relatedName": "Melanoma-Associated Antigen 3"
    },
    {
      "type": "Gene_Product_Malfunction_Associated_With_Disease",
      "relatedCode": "C21390",
      "relatedName": "Beta\/Gamma Crystallin Domain-Containing Protein 1"
    },
    {
      "type": "Gene_Product_Malfunction_Associated_With_Disease",
      "relatedCode": "C26083",
      "relatedName": "Chondroitin Sulfate Proteoglycan 4"
    },
    {
      "type": "Gene_Product_Malfunction_Associated_With_Disease",
      "relatedCode": "C17680",
      "relatedName": "Cyclin-Dependent Kinase 4"
    },
    {
      "type": "Gene_Product_Malfunction_Associated_With_Disease",
      "relatedCode": "C17786",
      "relatedName": "Cyclin-Dependent Kinase Inhibitor 2A"
    },
    {
      "type": "Gene_Product_Malfunction_Associated_With_Disease",
      "relatedCode": "C21569",
      "relatedName": "DNA Repair Protein XRCC3"
    },
    {
      "type": "Gene_Product_Malfunction_Associated_With_Disease",
      "relatedCode": "C2646",
      "relatedName": "L-Dopachrome Tautomerase"
    },
    {
      "type": "Gene_Product_Malfunction_Associated_With_Disease",
      "relatedCode": "C26331",
      "relatedName": "Latent-Transforming Growth Factor Beta-Binding Protein 2"
    },
    {
      "type": "Gene_Product_Malfunction_Associated_With_Disease",
      "relatedCode": "C21141",
      "relatedName": "Metastasis-Suppressor KiSS-1"
    },
    {
      "type": "Gene_Product_Malfunction_Associated_With_Disease",
      "relatedCode": "C84349",
      "relatedName": "Tumor Suppressor ARF"
    },
    {
      "type": "Regimen_Has_Accepted_Use_For_Disease",
      "relatedCode": "C63785",
      "relatedName": "CVD IL-2\/IFNa2b Regimen"
    },
    {
      "type": "Regimen_Has_Accepted_Use_For_Disease",
      "relatedCode": "C63525",
      "relatedName": "CVD Regimen"
    },
    {
      "type": "Regimen_Has_Accepted_Use_For_Disease",
      "relatedCode": "C63784",
      "relatedName": "DTIC-BCNU-Cisplatin Regimen"
    },
    {
      "type": "Regimen_Has_Accepted_Use_For_Disease",
      "relatedCode": "C63781",
      "relatedName": "Dartmouth Regimen"
    },
    {
      "type": "Regimen_Has_Accepted_Use_For_Disease",
      "relatedCode": "C63782",
      "relatedName": "IFN-DTIC Regimen"
    }
  ],
  "maps": [
    {
      "type": "Related To",
      "targetName": "Malignant melanoma, NOS",
      "targetTermGroup": "PT",
      "targetCode": "PD",
      "targetTerminology": "GDC"
    },
    {
      "type": "Has Synonym",
      "targetName": "Melanoma",
      "targetTermGroup": "LLT",
      "targetCode": "10053571",
      "targetTerminology": "MedDRA"
    },
    {
      "type": "Has Synonym",
      "targetName": "Melanoma",
      "targetTermGroup": "PT",
      "targetCode": "RPD",
      "targetTerminology": "GDC"
    },
    {
      "type": "Has Synonym",
      "targetName": "Melanoma, NOS",
      "targetTermGroup": "PT",
      "targetCode": "PD",
      "targetTerminology": "GDC"
    }
  ]
}