{
  "code": "C3224",
  "name": "Melanoma",
  "highlight": "<em>Melanoma</em>"
  "synonyms": [
    {
      "name": "Melanoma",
      "highlight": "<em>Melanoma</em>"
      "type": "Preferred_Name"
    },
    {
      "name": "Melanoma",
      "highlight": "<em>Melanoma</em>"
      "type": "Display_Name"
    },
    {
      "name": "MELANOMA, MALIGNANT",
      "highlight": "<em>MELANOMA</em>, MALIGNANT"
      "termGroup": "PT",
      "source": "CDISC",
      "type": "FULL_SYN"
    },
    {
      "name": "Malignant Melanoma",
      "highlight": "Malignant <em>Melanoma</em>"
      "termGroup": "SY",
      "source": "NCI",
      "type": "FULL_SYN"
    },
    {
      "name": "Melanoma",
      "highlight": "<em>Melanoma</em>"
      "termGroup": "PT",
      "source": "CTEP",
      "code": "10053571",
      "subSource": "SDC",
      "type": "FULL_SYN"
    },
    {
      "name": "Melanoma",
      "highlight": "<em>Melanoma</em>"
      "termGroup": "SY",
      "source": "NCI",
      "code": "TCGA",
      "subSource": "caDSR",
      "type": "FULL_SYN"
    }
  ],
  "definitions": [
    {
      "definition": "A malignant, usually aggressive tumor composed of atypical, neoplastic melanocytes. Most often, melanomas arise in the skin (cutaneous melanomas) and include the following histologic subtypes: superficial spreading melanoma, nodular melanoma, acral lentiginous melanoma, and lentigo maligna melanoma. Cutaneous melanomas may arise from acquired or congenital melanocytic or dysplastic nevi. Melanomas may also arise in other anatomic sites including the gastrointestinal system, eye, urinary tract, and reproductive system. Melanomas frequently metastasize to lymph nodes, liver, lungs, and brain.",
      "highlight": "A malignant, usually aggressive tumor composed of atypical, neoplastic melanocytes. Most often, melanomas arise in the skin (cutaneous melanomas) and include the following histologic subtypes: superficial spreading <em>melanoma</em>, nodular <em>melanoma</em>, acral lentiginous <em>melanoma</em>, and lentigo maligna <em>melanoma</em>. Cutaneous melanomas may arise from acquired or congenital melanocytic or dysplastic nevi. Melanomas may also arise in other anatomic sites including the gastrointestinal system, eye, urinary tract, and reproductive system. Melanomas frequently metastasize to lymph nodes, liver, lungs, and brain.",
      "source": "NCI",
      "type": "DEFINITION"
    },
    {
      "definition": "A form of cancer that begins in melanocytes (cells that make the pigment melanin). It may begin in a mole (skin melanoma), but can also begin in other pigmented tissues, such as in the eye or in the intestines.",
      "highlight": "A form of cancer that begins in melanocytes (cells that make the pigment melanin). It may begin in a mole (skin <em>melanoma</em>), but can also begin in other pigmented tissues, such as in the eye or in the intestines.",
      "source": "NCI-GLOSS",
      "type": "ALT_DEFINITION"
    }
  ],
  "properties": [
    {
      "type": "Semantic_Type",
      "value": "Neoplastic Process"
    },
    {
      "type": "Neoplastic_Status",
      "value": "Malignant"
    },
    {
      "type": "UMLS_CUI",
      "value": "C0025202"
    },
    {
      "type": "Legacy_Concept_Name",
      "value": "Melanoma",
      "highlight": "<em>melanoma</em>"
    },
    {
      "type": "NICHD_Hierarchy_Term",
      "value": "Melanoma",
      "highlight": "<em>melanoma</em>"
    },
    {
      "type": "ICD-O-3_Code",
      "value": "8720\/3"
    }
  ],
  "contributingSources": [
    "CTRP",
    "CTEP",
    "Cellosaurus",
    "MedDRA",
    "CDISC",
    "NICHD",
    "CPTAC"
  ]
}