{

  "associations" : [ {
    "type" : "Concept_In_Subset",
    "code" : "A8",
    "relatedCode" : "C77526",
    "relatedName" : "CDISC SEND Terminology"
  }, {
    "type" : "Concept_In_Subset",
    "code" : "A8",
    "relatedCode" : "C88025",
    "relatedName" : "CDISC SEND Tumor Findings Results Terminology"
  }, {
    "type" : "Concept_In_Subset",
    "code" : "A8",
    "relatedCode" : "C156953",
    "relatedName" : "CPTAC Baseline Medical Forms Terminology"
  }, {
    "type" : "Concept_In_Subset",
    "code" : "A8",
    "relatedCode" : "C158520",
    "relatedName" : "CPTAC Codelists Terminology"
  }, {
    "type" : "Concept_In_Subset",
    "code" : "A8",
    "relatedCode" : "C159415",
    "relatedName" : "CPTAC Melanoma Baseline Form"
  }, {
    "type" : "Concept_In_Subset",
    "code" : "A8",
    "relatedCode" : "C156966",
    "relatedName" : "CPTAC Neoplasms Codelist"
  }, {
    "type" : "Concept_In_Subset",
    "code" : "A8",
    "relatedCode" : "C156952",
    "relatedName" : "CPTAC Terminology"
  }, {
    "type" : "Concept_In_Subset",
    "code" : "A8",
    "relatedCode" : "C157534",
    "relatedName" : "CPTAC Uveal Melanoma Baseline Form"
  }, {
    "type" : "Concept_In_Subset",
    "code" : "A8",
    "relatedCode" : "C118168",
    "relatedName" : "CTRP Disease Terminology"
  }, {
    "type" : "Concept_In_Subset",
    "code" : "A8",
    "relatedCode" : "C116977",
    "relatedName" : "CTRP Terminology"
  }, {
    "type" : "Concept_In_Subset",
    "code" : "A8",
    "relatedCode" : "C138190",
    "relatedName" : "CTS-API Disease Main Type Terminology"
  }, {
    "type" : "Concept_In_Subset",
    "code" : "A8",
    "relatedCode" : "C165258",
    "relatedName" : "Cellosaurus Disease Terminology"
  }, {
    "type" : "Concept_In_Subset",
    "code" : "A8",
    "relatedCode" : "C61410",
    "relatedName" : "Clinical Data Interchange Standards Consortium Terminology"
  }, {
    "type" : "Concept_In_Subset",
    "code" : "A8",
    "relatedCode" : "C138188",
    "relatedName" : "Clinical Trials Search-Application Programming Interface Disease Category Terminology"
  }, {
    "type" : "Concept_In_Subset",
    "code" : "A8",
    "relatedCode" : "C157711",
    "relatedName" : "GDC Terminology"
  }, {
    "type" : "Concept_In_Subset",
    "code" : "A8",
    "relatedCode" : "C103113",
    "relatedName" : "NCI CTEP SDC Melanoma Sub-Category Terminology"
  }, {
    "type" : "Concept_In_Subset",
    "code" : "A8",
    "relatedCode" : "C102905",
    "relatedName" : "NCI CTEP Simplified Disease Classification Terminology"
  }, {
    "type" : "Concept_In_Subset",
    "code" : "A8",
    "relatedCode" : "C126659",
    "relatedName" : "NCIt Neoplasm Core Terminology"
  }, {
    "type" : "Concept_In_Subset",
    "code" : "A8",
    "relatedCode" : "C90259",
    "relatedName" : "NICHD Terminology"
  }, {
    "type" : "Concept_In_Subset",
    "code" : "A8",
    "relatedCode" : "C118464",
    "relatedName" : "Pediatric Adverse Events Terminology"
  }, {
    "type" : "Has_NICHD_Parent",
    "code" : "A11",
    "relatedCode" : "C9305",
    "relatedName" : "Malignant Neoplasm"
  }, {
    "type" : "Has_NICHD_Parent",
    "code" : "A11",
    "relatedCode" : "C3371",
    "relatedName" : "Skin Disorder"
  }, {
    "type" : "Neoplasm_Has_Special_Category",
    "code" : "A14",
    "relatedCode" : "C9292",
    "relatedName" : "Solid Neoplasm"
  } ]
}