{
  "code": "C3224",
  "name": "Melanoma",
  "synonyms": [
    {
      "name": "MELANOMA, MALIGNANT",
      "termGroup": "PT",
      "source": "CDISC",
      "type": "FULL_SYN"
    },
    {
      "name": "Malignant Melanoma",
      "termGroup": "SY",
      "source": "NCI",
      "type": "FULL_SYN"
    },
    {
      "name": "Melanoma",
      "termGroup": "PT",
      "source": "CTEP",
      "code": "10053571",
      "subSource": "SDC",
      "type": "FULL_SYN"
    },
    {
      "name": "Melanoma",
      "termGroup": "SY",
      "source": "NCI",
      "code": "TCGA",
      "subSource": "caDSR",
      "type": "FULL_SYN"
    }
  ],
  "inverseAssociations" : [ {
    "type" : "Has_NICHD_Parent",
    "relatedConceptCode" : "C131506",
    "relatedConceptName" : "Childhood Melanoma"
  } ],
  "maps" : [ {
    "type" : "Related To",
    "targetName" : "Malignant melanoma, NOS",
    "targettermGroup" : "PT",
    "targetCode" : "PD",
    "targetTerminology" : "GDC"
  }, {
    "type" : "Has Synonym",
    "targetName" : "Melanoma",
    "targettermGroup" : "LLT",
    "targetCode" : "10053571",
    "targetTerminology" : "MedDRA"
  }, {
    "type" : "Has Synonym",
    "targetName" : "Melanoma",
    "targettermGroup" : "PT",
    "targetCode" : "RPD",
    "targetTerminology" : "GDC"
  }, {
    "type" : "Has Synonym",
    "targetName" : "Melanoma, NOS",
    "targettermGroup" : "PT",
    "targetCode" : "PD",
    "targetTerminology" : "GDC"
  } ]  
}